Name,Kategorie,Mittelwert,Standardabw,Skewness,Anzahl Änderungen,Korrelation mit
temp,sensorwert,25.00966602791116,0.48960796908983784,0.11680083110535892,1000,-
strom,sensorwert,10.14167247449831,1.9949087544548418,-0.049321773965297536,1000,-
spannung,sensorwert,220.02917107278012,4.917271405510369,0.06115473121062061,1000,-
modusschalter,boolean,0.51,0.5001501276118503,-0.040008002400800234,497,-
zähler,zähler,240.19,137.18831777718734,0.04398995162411802,486,-
fehlercode,konstant,1.0,0.0,,1,-
rausch,rauschsignal,-5.97771980992768e-05,0.0009854705645603345,-0.1867798863415295,1000,-
